{"stats":{"minecraft:killed_by":{"minecraft:drowned":1},"minecraft:crafted":{"minecraft:dark_oak_planks":24,"minecraft:crafting_table":1,"minecraft:stick":4,"minecraft:wooden_pickaxe":1,"minecraft:stone_pickaxe":1},"minecraft:picked_up":{"minecraft:dark_oak_planks":10,"minecraft:dark_oak_sapling":3,"minecraft:crafting_table":2,"minecraft:rotten_flesh":1,"minecraft:wooden_pickaxe":2,"minecraft:stone_pickaxe":2,"minecraft:dark_oak_log":6,"minecraft:cobblestone":60},"minecraft:used":{"minecraft:dark_oak_planks":10,"minecraft:stone_pickaxe":8,"minecraft:wooden_pickaxe":12,"minecraft:rotten_flesh":1},"minecraft:mined":{"minecraft:dark_oak_planks":1,"minecraft:dark_oak_leaves":5,"minecraft:dark_oak_log":6,"minecraft:stone":18},"minecraft:dropped":{"minecraft:dark_oak_sapling":1},"minecraft:killed":{"minecraft:zombie":1},"minecraft:custom":{"minecraft:time_since_rest":3106,"minecraft:crouch_one_cm":1263,"minecraft:sprint_one_cm":20326,"minecraft:play_time":10864,"minecraft:damage_taken":520,"minecraft:walk_one_cm":13451,"minecraft:deaths":2,"minecraft:sneak_time":233,"minecraft:walk_under_water_one_cm":3703,"minecraft:drop":1,"minecraft:jump":127,"minecraft:damage_dealt":73,"minecraft:leave_game":3,"minecraft:walk_on_water_one_cm":2865,"minecraft:time_since_death":3067,"minecraft:total_world_time":10864,"minecraft:swim_one_cm":39658,"minecraft:interact_with_crafting_table":2,"minecraft:fall_one_cm":7272,"minecraft:fly_one_cm":25811,"minecraft:player_kills":1,"minecraft:open_chest":4}},"DataVersion":3337}