{"stats":{"minecraft:killed_by":{"minecraft:player":1},"minecraft:crafted":{"minecraft:wooden_sword":1,"minecraft:oak_planks":24,"minecraft:dark_oak_boat":1,"minecraft:crafting_table":2,"minecraft:stick":12,"minecraft:wooden_pickaxe":1,"minecraft:stone_pickaxe":1,"minecraft:wooden_axe":1,"minecraft:chest":2,"minecraft:cobblestone_stairs":44,"minecraft:dark_oak_planks":212,"minecraft:stone_axe":1},"minecraft:picked_up":{"minecraft:wooden_axe":1,"minecraft:stick":1,"minecraft:crafting_table":6,"minecraft:wooden_pickaxe":1,"minecraft:oak_log":6,"minecraft:cobblestone_stairs":5,"minecraft:dark_oak_log":53,"minecraft:dark_oak_planks":38,"minecraft:rotten_flesh":8,"minecraft:stone_axe":1,"minecraft:stone_pickaxe":1,"minecraft:oak_sapling":1,"minecraft:coal":2,"minecraft:cobblestone":133},"minecraft:used":{"minecraft:wooden_axe":14,"minecraft:dark_oak_planks":112,"minecraft:cobblestone_stairs":41,"minecraft:stone_pickaxe":128,"minecraft:chest":2,"minecraft:wooden_pickaxe":12,"minecraft:rotten_flesh":3,"minecraft:stone_axe":106,"minecraft:wooden_sword":11,"minecraft:cobblestone":4,"minecraft:crafting_table":8},"minecraft:mined":{"minecraft:dark_oak_planks":37,"minecraft:dark_oak_leaves":4,"minecraft:cobblestone_stairs":5,"minecraft:dark_oak_log":53,"minecraft:crafting_table":6,"minecraft:coal_ore":2,"minecraft:oak_log":6,"minecraft:dirt":1,"minecraft:cobblestone":3,"minecraft:stone":130,"minecraft:oak_leaves":7},"minecraft:dropped":{"minecraft:rotten_flesh":2},"minecraft:killed":{"minecraft:zombie":4},"minecraft:custom":{"minecraft:time_since_rest":521,"minecraft:sprint_one_cm":26654,"minecraft:damage_taken":576,"minecraft:walk_one_cm":39852,"minecraft:mob_kills":6,"minecraft:drop":1,"minecraft:damage_dealt":899,"minecraft:swim_one_cm":4798,"minecraft:interact_with_crafting_table":12,"minecraft:fly_one_cm":18366,"minecraft:open_chest":12,"minecraft:crouch_one_cm":8095,"minecraft:play_time":20301,"minecraft:deaths":2,"minecraft:sneak_time":2358,"minecraft:walk_under_water_one_cm":165,"minecraft:jump":172,"minecraft:leave_game":2,"minecraft:walk_on_water_one_cm":90,"minecraft:time_since_death":495,"minecraft:total_world_time":20301,"minecraft:fall_one_cm":5729}},"DataVersion":3337}